<?xml version="1.0" encoding="UTF-8" standalone="no"?>
<registration_data version="1.0">
   <environment>
      <hostname>xperiapc</hostname>
      <hostId/>
      <osName>Windows 8</osName>
      <osVersion>6.2</osVersion>
      <osArchitecture>amd64</osArchitecture>
      <systemModel>Studio 1555</systemModel>
      <systemManufacturer>Dell Inc.</systemManufacturer>
      <cpuManufacturer>GenuineIntel</cpuManufacturer>
      <serialNumber>9BGT7K1</serialNumber>
   </environment>
   <registry urn="urn:st:6f67b83b-de45-4a15-bbc9-ab6f3836aaa9" version="1.0">
      <service_tag>
         <instance_urn>urn:st:47305ccf-a44d-4888-ad98-6ac3771d53de</instance_urn>
         <product_name>Java SE 7 Runtime Environment</product_name>
         <product_version>1.7.0_09</product_version>
         <product_urn>JSERE-007-ZZZZ</product_urn>
         <product_parent_urn>urn:uuid:dc1704fe-264f-11dc-9482-080020a9ed93</product_parent_urn>
         <product_parent>Java Platform Standard Edition 7 (Java SE 7)</product_parent>
         <product_defined_inst_id>id=1.7.0_09-b05 amd64,dir=C:\Program Files\Java\jre7</product_defined_inst_id>
         <product_vendor>Oracle Corporation</product_vendor>
         <platform_arch>amd64</platform_arch>
         <timestamp>2012-10-30 05:51:05 GMT</timestamp>
         <container>global</container>
         <source>Windows JRE installer</source>
         <installer_uid>-1</installer_uid>
      </service_tag>
   </registry>
</registration_data>
