<?xml version="1.0" encoding="UTF-8" standalone="no"?>
<registration_data version="1.0">
   <environment>
      <hostname>xperiapc</hostname>
      <hostId/>
      <osName>Windows 8</osName>
      <osVersion>6.2</osVersion>
      <osArchitecture>amd64</osArchitecture>
      <systemModel>HP ENVY Sleekbook 6 PC</systemModel>
      <systemManufacturer>Hewlett-Packard</systemManufacturer>
      <cpuManufacturer>GenuineIntel</cpuManufacturer>
      <serialNumber>CND2372V0B</serialNumber>
   </environment>
   <registry urn="urn:st:6db48f12-d915-42f9-a05e-2e394efc9e1b" version="1.0">
      <service_tag>
         <instance_urn>urn:st:7f3941d0-17e6-4e78-b2e2-477028df0f59</instance_urn>
         <product_name>Java SE 7 Runtime Environment</product_name>
         <product_version>1.7.0_10</product_version>
         <product_urn>JSERE-007-ZZZZ</product_urn>
         <product_parent_urn>urn:uuid:dc1704fe-264f-11dc-9482-080020a9ed93</product_parent_urn>
         <product_parent>Java Platform Standard Edition 7 (Java SE 7)</product_parent>
         <product_defined_inst_id>id=1.7.0_10-b18 amd64,dir=C:\Program Files\Java\jre7</product_defined_inst_id>
         <product_vendor>Oracle Corporation</product_vendor>
         <platform_arch>amd64</platform_arch>
         <timestamp>2012-12-26 22:22:39 GMT</timestamp>
         <container>global</container>
         <source>Windows JRE installer</source>
         <installer_uid>-1</installer_uid>
      </service_tag>
   </registry>
</registration_data>
